{
  "products": [
    {
      "productName": "Pepsi",
      "productPrice": 3.99,
      "productLocationX": "8",
      "productLocationY": "6",
      "productTags": [
        "Blue",
        "Drink",
        "Liquid"
      ]
    },
    {
      "productName": "Apple",
      "productPrice": 1.99,
      "productLocationX": "10",
      "productLocationY": "3",
      "productTags": [
        "Red",
        "Fruit",
        "Food"
      ]
    },
    {
      "productName": "Cheese Pizza",
      "productPrice": 7.99,
      "productLocationX": "5",
      "productLocationY": "5",
      "productTags": [
        "Yellow",
        "Food",
        "Frozen"
      ]
    },
    {
      "productName": "Cheese Pizza2",
      "productPrice": 7.99,
      "productLocationX": "7",
      "productLocationY": "6",
      "productTags": [
        "Yellow",
        "Food"
      ]
    }
  ],

  "adminPasswords": [
  ],

  "storeTags": [
    "Red",
    "Green",
    "Blue",
    "Yellow",
    "Black",
    "White",
    "Brown",
    "Frozen",
    "Liquid",
    "Food",
    "Drink",
    "Fruit",
    "Vegetables",
    "Meat",
    "Appliance",
    "Tool",
    "White"
  ],

  "kioskLocationX": "8",
  "kioskLocationY": "10",
  "mapData": ""
}